x,y
-51.8688600425546,0.6159875273669835
-51.368866652251214,0.618558451890264
-50.86887326194781,0.6211293764135445
-50.36887987164441,0.6237003009368249
-49.868886481341,0.6262712254601055
-49.36889309103759,0.6288421499833857
-48.86889970073418,0.6314130745066661
-48.36890631043077,0.6339839990299465
-47.86891292012737,0.636554923553227
-47.36891952982396,0.6391258480765073
-46.868926139520546,0.6416967725997877
-46.368932749217144,0.6442676971230681
-45.868939358913735,0.6468386216463485
-45.368945968610326,0.6494095461696289
-44.86895257830692,0.6519804706929092
-44.36895918800351,0.6545513952161897
-43.86896579770011,0.6571223197394702
-43.3689724073967,0.659693244262751
-42.86897901709329,0.6622641687860316
-42.368985626789886,0.6648350933093116
-41.868987100621084,0.6669540732909943
-41.36900787840681,0.6707891326179487
-40.869029895803486,0.676470283039354
-40.36920451813309,0.688694355569967
-39.869533928962646,0.7064101230511199
-39.37023547102558,0.732774110609351
-38.87124261796116,0.764110796968034
-38.37282694724831,0.803802396773144
-37.87489117901558,0.848873349648411
-37.37771238400983,0.9018455554726945
-36.88121035258652,0.9606164849581659
-36.3856219678578,1.0268315949301683
-35.890929243751735,1.099257915299289
-35.397283673966385,1.1786688248686783
-34.90477446560445,1.2646956879648126
-34.41342273566709,1.3572459233127234
-33.92346960979785,1.456808259566861
-33.434761115970375,1.5624320176501896
-32.9596159134173,1.6733010273955404
-32.43494545346306,1.7992684943003765
-31.85495760428547,1.9417340787115105
-31.25771344590485,2.0934338240584207
-30.714192489535606,2.244064834742674
-30.205426366305275,2.3976457345211135
-29.728092290892892,2.5556345062266796
-29.278867477977503,2.7194891326923116
-28.85442914223814,2.890667596750949
-28.451454498353844,3.0706278812355317
-28.066620761003655,3.2608279689790005
-27.696605144866616,3.4627258428142933
-27.338084864621752,3.677779485574351
-26.98773713494812,3.907446880092113
-26.642239170524746,4.153186009200519
-26.298268186030672,4.416454855732509
-25.95250139614494,4.698711402521022
-25.60161601554658,5.0014136323989975
-25.242289258914642,5.326019528199377
-24.871198340928153,5.673987072755099
-24.48502047626617,6.046774248899104
-24.08043287960771,6.445839039464332
-23.642831144358578,6.883590339566453
-23.222684193529417,7.309581466160523
-22.8461477043675,7.696240047882353
-22.504363985925558,8.044344742164617
-22.150020160363457,8.397093013076063
-21.79006725662829,8.744118412569934
-21.42455876428491,9.085204344131675
-21.052352576485614,9.419053128332243
-20.674440055933914,9.746408351425348
-20.28869109467167,10.06444385468577
-19.89632820702903,10.374341179612315
-19.499021511624797,10.677906380114102
-19.098030289022542,10.97652732597032
-18.693452347934233,11.270333113065693
-18.287362612780772,11.562038349075422
-17.881620254949027,11.854221348620047
-17.47648227218542,12.14724670385749
-17.072345808732287,12.441647458996119
-16.669962808465492,12.738424575697229
-16.271262745928286,13.040116212498313
-15.876230193293868,13.34661687202103
-15.484431036913586,13.657238829429486
-15.095417625925268,13.97133993739378
-14.709060520727368,14.288714120957973
-14.324515363887613,14.608279655434785
-13.941128248549532,14.929241265155692
-13.557458774506285,15.249858568801532
-13.17294680674075,15.569484654392442
-12.785078078898248,15.884967471355756
-12.394287190921526,16.196906466767125
-11.99643449421868,16.49963513739695
-11.592675994825322,16.794473158618032
-11.1800139851471,17.076751630012364
-10.76151682661077,17.350166299767164
-10.334918204235793,17.610941566750846
-9.902526266384365,17.861761539906503
-9.46337212081896,18.100783607649852
-9.018256851739912,18.328254078825466
-8.56765264720891,18.544921336401636
-8.111060119424327,18.74840503880192
-7.65014000879267,18.942171877375927
-7.183431315909056,19.1213606408389
-6.712938018805564,19.29042258505409
-6.237271384520662,19.444444669241413
-5.758569101580852,19.58845569366969
-5.275674284262442,19.71808071419077
-4.790028044288345,19.836490901266323
-4.301235052753896,19.941701698824474
-3.809981955593769,20.03411870557293
-3.3165124547661566,20.114557461664546
-2.8210788041965973,20.181349048628924
-2.3241709847344474,20.236336210536834
-1.8258188213937636,20.275994168152042
-1.326691750555872,20.304549699064683
-0.8269432752400184,20.32054919504226
-0.3270925295385415,20.322541098535627
0.17276443995135268,20.310645990246265
0.6721102979748583,20.28575457371266
1.1706635784103931,20.24941167722684
1.668090325823821,20.198848530268783
2.163991640424511,20.135985898840694
2.6582530958682593,20.060529165143983
3.1501158809527996,19.971383939405428
3.639967178018916,19.871200812832313
4.1264550328233085,19.756156815310383
4.610458154104439,19.630821568065926
5.090220146134936,19.49015747256692
5.566824609913781,19.339285672881694
6.0386186393353025,19.173749712897255
6.506562933479857,18.99794709677194
6.96944558986101,18.80892853354086
7.42737127311837,18.608494336116834
7.880177457775756,18.39646912583006
8.32680243975256,18.17196463732624
8.76839229883467,17.937466372702072
9.202546773827605,17.68964303319846
9.631402169320497,17.43264142434151
10.051859426709008,17.16213307490461
10.466407738853452,16.882735838375183
10.872211846098132,16.59064905390267
11.271404724023503,16.28977839352776
11.662026076751555,15.977683384761669
12.044648424544032,15.656015981555516
12.418837066663265,15.324433561507707
12.784538531867565,14.98358606661185
13.143198610595771,14.635261109342133
13.497842012337504,14.282788564008685
13.849024892172629,13.926885937509606
14.196091268355495,13.566981394767865
14.534343937545582,13.198864609056962
14.864330965016041,12.823331542160279
15.183495771111101,12.438480374605522
15.49230058252468,12.04539516775908
15.789974337061318,11.643696195003816
16.077960407363445,11.23500736954458
16.355347581148493,10.819165600222572
16.621965013586156,10.396194611101926
16.87681265506677,9.966162953674532
17.121869169520508,9.530344396556796
17.353594471864703,9.08739525508091
17.575974047356226,8.639598935676963
17.783988530723477,8.184975837536294
17.98217241756432,7.726017683715855
18.16601301621271,7.2610500215451514
18.33971799920559,6.792321151262492
18.4999755105385,6.318711495252581
18.64850620407693,5.841418470915086
18.7847774229218,5.36035905254185
18.907718205480776,4.875838310555643
19.019660018573436,4.388540022320127
19.116777317410268,3.8981628959858146
19.203548660608746,3.405777123510555
19.2746115934849,2.9109000418498443
19.335030426399854,2.4146460895208666
19.379874213807433,1.9166790345380575
19.414541381291464,1.4179743199454484
19.435354480969796,0.9184295912438935
19.445211193064083,0.41857042069767203
19.43773618556385,-0.08128848713360814
19.419241923689842,-0.5809768582539876
19.38640826191387,-1.0798561042814312
19.34333378978022,-1.5779055779253246
19.28410862004124,-2.0743828989198594
19.214500034650452,-2.569396253597731
19.13047772768021,-3.0622748005705995
19.034646901681324,-3.5528735909293525
18.925979267826456,-4.040909680305438
18.80419501866338,-4.525720390983388
18.67115555386151,-5.007685533178172
18.523806185039547,-5.4853687884785645
18.366488386559833,-5.959958429557213
18.194168575303838,-6.429265984601149
18.011724671964515,-6.894714237406299
17.814700387880986,-7.3542516212648
17.608046263978615,-7.809418900413113
17.388195194009093,-8.258478433781203
17.15763494476419,-8.702001363148868
16.915510722534073,-9.1394527884939
16.66169031728923,-9.570089784277272
16.397902373654205,-9.994831929147816
16.12157812253893,-10.411411980571234
15.836557867569013,-10.822199531421463
15.538638422205661,-11.22368269077613
15.2321082718565,-11.618608083059943
14.913143803807436,-12.003629745220955
14.586457835000806,-12.382008502146714
14.249871173829735,-12.751738068615435
13.908587914658238,-13.117097784874456
13.564295332487394,-13.479703634925839
13.220763746738779,-13.843007902269576
12.878216556041163,-14.207237725417652
12.540447741860035,-14.57583903292249
12.206985865304414,-14.948392861431984
11.881144507356854,-15.327585308520149
11.55989226709135,-15.710704899246851
11.247423383792745,-16.10101727721577
10.939603778075298,-16.494996361386974
10.640617989418164,-16.895732435116276
10.346484552851052,-17.300021544228272
10.060827214065679,-17.710349732431087
9.780824396774012,-18.12454829161761
9.508800315589973,-18.544029478748513
9.243261124556664,-18.967644672511724
8.985160806747983,-19.39583016753585
8.734401101432583,-19.82835802000099
8.490500454196308,-20.264790015639612
8.254818573593797,-20.705715985727608
8.025378623410745,-21.14992802673163
7.805055033713176,-21.598727615755116
7.5903216589594384,-22.05024507576038
7.385546522647261,-22.50635555799918
7.186110699140311,-22.96484056817445
6.99713687053992,-23.42773354816564
6.813648570922802,-23.892818446444718
6.6405212199032135,-24.361868742823212
6.473088312672392,-24.832963500317533
6.3154616525227585,-25.307434509075467
6.16438912591527,-25.784025577110732
6.022431002052288,-26.26340979711081
5.888110874607689,-26.744978789366712
5.761464813267146,-27.22864749124137
5.641447905983179,-27.714012314537417
5.528164347129568,-28.20098148437817
5.419897849452761,-28.68912646383838
5.315721820135575,-29.178144878715756
5.214831292692885,-29.667851768972184
5.118952327646288,-30.1585660320664
5.026237338340637,-30.649886872514188
4.938823352243077,-31.14217948947656
4.854332244804142,-31.634983393023475
4.7752709321775,-32.128687006855436
4.699046946375983,-32.622837494555796
4.62822934552942,-33.117795445988946
4.560564413364585,-33.61318576468993
4.498555788192485,-34.10932200604699
4.439308124630198,-34.605793633482605
4.385347936171712,-35.10286620632709
4.334310950171499,-35.60024951552964
4.28887759587964,-36.0981752058303
4.246204494811659,-36.59634704007476
4.209261082072268,-37.094975848209145
4.1751239535833795,-37.593804064121315
4.146689684385981,-38.092990887016754
4.1210496445175435,-38.59232683676653
4.100955954940696,-39.09191705150138
4.083855762850516,-39.591617986436724
4.072108186794938,-40.09147251149615
4.063552826595052,-40.59139244622621
4.060154583737096,-41.0913721278139
4.060246590163784,-41.5913627030679
4.064895772891067,-42.09133534256975
4.072947480998259,-42.591261535329245
4.084173164324746,-43.091133483153854
4.096472369280583,-43.59098378697064
4.108898422128901,-44.090829516264236
4.121232633002506,-44.590677360354945
4.133566843876112,-45.09052520444565
4.145901054749718,-45.59037304853635
4.158235265623324,-46.09022089262706
4.17056947649693,-46.590068736717754
4.182903687370535,-47.08991658080846
4.19523789824414,-47.589764424899165
4.207572109117747,-48.08961226898987
4.2199063199913525,-48.58946011308057
4.232240530864958,-49.08930795717128
4.244574741738563,-49.589155801261995
4.256908952612169,-50.0890036453527
4.269243163485774,-50.5888514894434
4.2815773743593795,-51.088699333534095
4.293911585232984,-51.588547177624804
4.306245796106591,-52.08839502171551
4.318580006980197,-52.588242865806215
4.330914217853802,-53.08809070989692
4.3432484287274065,-53.58793855398763
4.355582639601012,-54.08778639807833
4.367916850474618,-54.58763424216903
4.3802510613482255,-55.08748208625973
4.39258527222183,-55.587329930350435
4.404919483095435,-56.087177774441145
4.417253693969041,-56.587025618531854
4.429587904842647,-57.08687346262257
4.4419221157162525,-57.586721306713265
4.454256326589858,-58.08656915080397
4.466590537463464,-58.58641699489467
4.47892474833707,-59.08626483898537
4.491258959210675,-59.58611268307608
4.5035931700842795,-60.0859605271668
4.515927380957886,-60.5858083712575
4.528261591831492,-61.085656215348195
4.540595802705097,-61.585504059438904
4.552930013578703,-62.08535190352962
4.565264224452308,-62.58519974762032
4.577598435325912,-63.08504759171102
4.589932646199518,-63.584895435801734
4.602266857073125,-64.08474327989245
4.614601067946731,-64.58459112398315
4.626935278820337,-65.08443896807384
4.639269489693943,-65.58428681216455
4.651603700567549,-66.08413465625527
4.663937911441154,-66.58398250034598
4.67627212231476,-67.08383034443668
4.688606333188364,-67.58367818852739
4.70094054406197,-68.0835260326181
4.713274754935576,-68.58337387670879
4.725608965809181,-69.08322172079951
4.737943176682787,-69.58306956489022
4.750277387556394,-70.08291740898092
4.76261159843,-70.58276525307163
4.774945809303605,-71.08261309716232
4.78728002017721,-71.58246094125305
4.799984104158593,-72.09729801144056
4.811701859852562,-72.57216381203648
4.81996746654061,-72.90713016906237
